supernova name,redshift,magnitude,stretch,color
'03D1au',0.503084,23.001698,1.273191,-0.012353
'03D1aw',0.580724,23.573937,0.974346,-0.025076
'03D1ax',0.494795,22.960139,-0.728837,-0.099683
'03D1bp',0.345928,22.398137,-1.15511,-0.040581
'03D1co',0.677662,24.078115,0.61882,-0.03938
'03D1dt',0.610712,23.285241,-1.161563,-0.094943
'03D1ew',0.866494,24.353678,0.376409,-0.063269
'03D1fc',0.330932,21.861412,0.650394,-0.017577
'03D1fq',0.798566,24.510389,-1.056666,-0.055975
'03D3aw',0.449562,22.667126,0.810113,-0.085962
'03D3ay',0.371443,22.273052,0.569579,-0.054463
'03D3ba',0.291718,21.961068,0.760688,0.116118
'03D3bl',0.35582,22.926619,0.055758,0.204749
'03D3cd',0.461274,22.575127,1.861682,-0.043023
'03D4ag',0.28361,21.256943,0.937399,-0.085197
'03D4at',0.632234,23.73918,0.208542,-0.050531
'03D4au',0.466414,23.789546,0.376996,0.122416
'03D4cj',0.268624,21.058469,1.150557,-0.08012
'03D4cx',0.94689,24.460375,-0.095636,0.056711
'03D4cy',0.924917,24.705851,0.863344,-0.057529
'03D4cz',0.693165,24.03207,-1.763859,-0.076797
'03D4dh',0.625233,23.386939,1.12789,-0.042907
'03D4di',0.896944,24.333328,1.454285,-0.084188
'03D4dy',0.608261,23.24535,1.138023,-0.098377
'03D4fd',0.789054,24.222261,0.784211,-0.042547
'03D4gf',0.578292,23.324299,0.509293,-0.036082
'03D4gg',0.59028,23.431058,1.001108,0.011626
'04D1aj',0.719626,23.898687,0.391447,-0.033571
'04D1dc',0.210032,21.056779,-1.236256,-0.002674
'04D1de',0.76659,24.132026,0.905821,-0.118769
'04D1ff',0.858513,24.246115,0.72806,0.047131
'04D1hd',0.367904,22.156621,0.788975,-0.092073
'04D1hx',0.558746,23.699983,0.28513,0.111683
'04D1hy',0.848509,24.295329,1.151184,-0.054238
'04D1iv',0.99639,24.617672,1.27336,-0.131063
'04D1jd',0.776594,24.397768,0.13522,0.099259
'04D1jg',0.582932,23.273246,0.265156,-0.104618
'04D1kj',0.583743,23.335798,0.218145,-0.062764
'04D1ks',0.796552,24.128917,0.698641,0.094253
'04D1oh',0.588721,23.396414,-0.066782,-0.068922
'04D1ow',0.913473,24.343967,-0.04407,-0.160738
'04D1pc',0.768587,24.546176,-0.334164,0.085159
'04D1pd',0.948455,24.677344,0.182611,0.041278
'04D1pg',0.513793,23.572554,0.985964,0.102976
'04D1pp',0.733609,23.98538,-1.34455,-0.116857
'04D1pu',0.637701,24.012142,-1.611068,0.106744
'04D1qd',0.765588,24.244208,0.180928,0.01206
'04D1rh',0.434861,22.556493,0.828369,-0.057039
'04D1rx',0.983407,24.760473,0.594869,-0.099334
'04D1si',0.700631,23.857842,0.136556,-0.011566
'04D1sk',0.662058,24.072652,0.44517,0.084112
'04D2al',0.838126,24.337904,-1.313788,-0.090405
'04D2an',0.621874,23.581303,-0.297309,-0.043585
'04D2cf',0.370586,22.462924,-0.861569,-0.014022
'04D2fp',0.416632,22.546572,0.385152,-0.049753
'04D2fs',0.35857,22.425017,0.093895,0.060514
'04D2gb',0.451681,22.903257,-1.587699,0.028125
'04D2gc',0.522762,23.329087,1.140206,0.018441
'04D2gp',0.733996,24.211821,-1.352031,-0.14094
'04D2iu',0.701965,24.226777,-1.908278,0.04058
'04D2ja',0.742008,24.094212,0.357631,-0.201828
'04D2kr',0.746118,23.855911,0.789091,-0.024482
'04D2mc',0.34956,22.510167,-1.796939,0.084647
'04D2mh',0.591835,23.386183,1.581016,0.022525
'04D2mj',0.514746,23.776721,1.541433,0.155788
'04D3co',0.620632,23.784306,-0.677025,-0.027937
'04D3cy',0.643646,23.786478,-0.204658,-0.027514
'04D3dd',1.002795,25.039369,0.671653,-0.016458
'04D3df',0.470586,23.532383,-2.06925,0.105832
'04D3do',0.610643,23.559958,-0.830682,-0.118742
'04D3ez',0.263487,21.66648,-1.082884,0.027124
'04D3fk',0.358336,22.515607,-0.386641,0.079161
'04D3fq',0.742697,24.096172,-0.429804,-0.040737
'04D3gt',0.451556,23.241924,-0.213624,0.191395
'04D3gx',0.910752,24.654449,-0.449029,-0.145757
'04D3hn',0.552605,23.48813,-0.573944,0.073514
'04D3kr',0.337534,21.966214,1.231534,-0.018647
'04D3ks',0.750681,23.808932,0.623562,-0.030192
'04D3lp',0.983777,24.982708,-1.385938,0.009485
'04D3lu',0.822697,24.373493,-0.556579,-0.124503
'04D3mk',0.813696,24.296809,-0.268869,-0.147072
'04D3ml',0.950763,24.595947,1.16976,-0.137444
'04D3nc',0.817732,24.272419,1.189651,-0.082973
'04D3nh',0.34052,22.137345,0.612333,-0.003747
'04D3nr',0.960751,24.586694,0.200862,0.026976
'04D3ny',0.81072,24.233543,-0.074816,-0.014984
'04D3oe',0.756687,24.054929,-1.003254,-0.2463
'04D4an',0.611252,24.015491,-0.360563,0.020341
'04D4bk',0.877971,24.329232,1.742402,-0.11251
'04D4bq',0.548325,23.336908,0.648772,0.101208
'04D4dm',0.809032,24.395023,-0.265832,0.002784
'04D4dw',1.0288,24.58883,1.103181,-0.141513
'04D4fx',0.627239,23.512839,0.953562,-0.033942
'04D4gg',0.422452,22.726347,1.236716,0.083147
'04D4hf',0.9339,24.815885,0.846145,0.039429
'04D4hu',0.701158,23.921414,0.014891,-0.107691
'04D4ib',0.697164,23.589462,0.976498,-0.137669
'04D4ic',0.685179,24.117729,-0.865996,-0.011201
'04D4id',0.767075,24.198308,0.680717,-0.173571
'04D4ih',0.931901,24.398812,0.318349,-0.213713
'04D4ii',0.863978,24.398482,1.33803,-0.00656
'04D4im',0.7491,23.830175,0.936907,0.03293
'04D4in',0.514353,22.880762,1.531348,-0.070064
'04D4jr',0.468406,22.634969,1.528124,-0.062844
'04D4ju',0.470398,23.758954,0.448213,0.153474
'04D4jw',0.958871,24.773087,-0.701676,-0.199987
'04D4jy',0.927909,24.759723,0.086232,-0.114189
'05D1az',0.840522,24.254281,1.861994,-0.013003
'05D1cb',0.630699,23.700974,-0.246796,0.001443
'05D1cc',0.562751,23.506645,-0.148276,-0.009066
'05D1ck',0.615698,24.070744,-0.094687,0.108958
'05D1cl',0.828528,24.361588,2.292412,-0.067245
'05D1dn',0.564741,23.285141,1.229575,-0.021239
'05D1dx',0.578745,23.278595,0.650723,-0.045401
'05D1ee',0.557743,23.522028,-0.594306,0.000429
'05D1em',0.864497,24.277329,0.231091,-0.141676
'05D1eo',0.735608,24.300208,-1.464408,-0.051696
'05D1er',0.858507,24.622355,0.414445,0.075253
'05D1hk',0.261984,21.189797,1.380255,-0.010342
'05D1hm',0.585743,24.087789,1.097063,0.147914
'05D1if',0.76158,24.040031,0.177122,-0.05695
'05D1ix',0.4888,22.868484,0.545038,-0.068405
'05D1iz',0.858516,24.427101,1.158479,-0.136633
'05D1ke',0.688656,23.604428,0.22777,-0.107541
'05D1kl',0.558743,24.148746,0.658004,0.133007
'05D2ab',0.324532,21.993375,-0.146918,-0.039628
'05D2ac',0.480704,22.671051,1.123507,-0.054059
'05D2ah',0.185371,20.758955,-0.075113,0.001222
'05D2ay',0.922221,24.664061,-0.433873,0.026835
'05D2bt',0.681942,23.499419,0.54088,-0.150704
'05D2bv',0.475707,22.715329,-0.007188,-0.104
'05D2bw',0.92221,24.380224,-0.310684,-0.13841
'05D2by',0.893183,24.576,1.324338,-0.027739
'05D2cb',0.428646,23.396803,0.900599,0.158626
'05D2ci',0.631882,23.605938,-0.930861,0.078491
'05D2ck',0.69996,24.456174,-2.641811,0.005752
'05D2ct',0.736007,24.383943,0.319916,0.09884
'05D2dt',0.575823,23.652601,0.172239,0.033631
'05D2dw',0.418633,22.46895,1.143228,-0.01334
'05D2dy',0.511746,22.907226,1.237597,-0.117279
'05D2eb',0.535771,22.991731,0.880642,-0.055537
'05D2ec',0.641893,23.677878,-0.210581,-0.103447
'05D2fq',0.734996,24.000974,0.836161,-0.075547
'05D2hc',0.35156,22.684908,-0.674399,0.037449
'05D2he',0.60986,23.927615,0.148906,0.064417
'05D2ie',0.349557,22.228291,-0.089736,-0.074922
'05D2le',0.701969,23.957522,0.509414,-0.013323
'05D2mp',0.355261,22.387222,1.277236,0.013757
'05D2my',0.98328,24.666688,1.176787,-0.035549
'05D2nn',0.872152,24.426592,-0.742621,-0.196303
'05D2nt',0.75903,24.106956,1.512514,-0.013177
'05D2ob',0.92622,24.811277,1.139028,0.056398
'05D3ax',0.643642,23.6153,0.590653,-0.062996
'05D3cf',0.419569,22.938058,-0.257956,0.008142
'05D3ci',0.515587,23.62109,2.120426,0.166871
'05D3cq',0.890729,24.223935,-0.725251,-0.206887
'05D3cx',0.805696,23.903235,0.668773,-0.161241
'05D3dd',0.480568,22.948758,-0.207015,-0.029175
'05D3dh',0.800697,24.207672,0.087341,0.120557
'05D3gp',0.580604,23.516572,-0.457982,-0.061699
'05D3gv',0.715652,23.992197,-0.806348,-0.064355
'05D3ha',0.805695,24.393736,-0.185837,0.089062
'05D3hh',0.766684,24.298577,0.502459,-0.002723
'05D3hs',0.664638,23.512551,0.557724,-0.175195
'05D3ht',0.901736,24.408439,0.902173,-0.154347
'05D3jb',0.745665,23.919586,0.939225,-0.063082
'05D3jh',0.71868,23.72368,-0.614033,-0.137754
'05D3jk',0.73669,23.691578,0.773664,-0.131975
'05D3jq',0.5796,23.295137,1.48851,0.001938
'05D3jr',0.370531,22.62937,-0.892539,0.04904
'05D3km',0.96074,24.718789,0.377544,-0.159049
'05D3kp',0.850729,24.140236,1.278161,-0.144534
'05D3kt',0.64864,23.974975,-0.449789,0.056579
'05D3kx',0.219462,20.852122,0.698942,-0.039907
'05D3la',0.936755,24.494384,-0.191832,-0.103022
'05D3lb',0.647639,23.898505,0.310288,0.032706
'05D3lc',0.461564,22.975035,-0.747912,-0.046199
'05D3lr',0.600603,23.845284,0.178065,0.105799
'05D3mh',0.670654,24.064257,0.57067,0.054159
'05D3mn',0.760698,24.031872,-0.119797,-0.04134
'05D3mq',0.246492,21.50567,-0.683772,-0.000463
'05D3mx',0.470573,23.023421,-1.668401,-0.078211
'05D3ne',0.169455,20.293205,-1.463743,-0.143152
'05D4af',0.497379,23.102539,0.144823,-0.025937
'05D4ag',0.638234,23.888138,0.488591,0.096406
'05D4av',0.507371,23.559122,0.884552,0.167894
'05D4be',0.535327,22.871803,0.907857,-0.145357
'05D4bf',0.587285,23.613598,0.086435,-0.005707
'05D4bi',0.773081,24.049363,1.040135,-0.140416
'05D4bj',0.699166,24.107325,0.169319,0.059883
'05D4bm',0.370511,22.212225,0.253822,-0.065948
'05D4cn',0.761089,24.081977,1.042996,-0.017217
'05D4cq',0.699169,23.733171,0.688169,-0.12201
'05D4cs',0.78806,23.975847,1.395798,-0.109284
'05D4cw',0.373513,22.144613,-0.833093,-0.129299
'05D4dt',0.405478,22.801779,-0.988887,-0.047526
'05D4dw',0.852994,24.43276,0.333205,-0.008102
'05D4dy',0.808048,24.608413,-0.414682,-0.126427
'05D4ef',0.603272,23.829442,-1.558373,-0.066074
'05D4ej',0.58329,23.712643,0.226659,-0.025602
'05D4ek',0.534335,23.294733,0.262525,0.069733
'05D4ev',0.72014,24.235443,-1.101731,-0.027446
'05D4ff',0.400485,22.587347,-0.725286,-0.004662
'05D4fg',0.837004,24.189244,0.282605,-0.15787
'05D4fo',0.371508,22.438189,-0.700921,-0.051433
'05D4gw',0.806041,24.46554,0.028914,0.037161
'05D4hn',0.840005,24.190851,1.229904,0.069868
'06D2bk',0.500728,23.276559,0.470647,0.005322
'06D2ca',0.532765,23.313086,1.277665,0.048672
'06D2cc',0.533766,23.454678,-0.552437,0.081612
'06D2cd',0.932229,24.775178,0.258122,0.023043
'06D2ce',0.822103,24.189188,2.000361,-0.005164
'06D2ck',0.553797,23.411247,0.012383,-0.031799
'06D2fb',0.125298,19.752286,-0.356571,-0.019485
'06D2ga',0.842123,24.283047,1.261243,-0.059406
'06D2gb',0.443668,22.994747,-1.632468,-0.01406
'06D3bz',0.727675,23.946563,-0.794668,-0.106786
'06D3cc',0.683659,24.054688,0.691964,-0.000385
'06D3df',0.442548,22.663818,1.153024,-0.026193
'06D3do',0.726679,23.896775,0.614699,-0.072211
'06D3dt',0.28251,22.151638,0.087556,0.089097
'06D3ed',0.404549,22.602742,-0.385357,-0.069037
'06D3el',0.519611,22.873755,0.770182,-0.141498
'06D3em',0.690652,24.378431,-0.153659,0.177029
'06D3en',1.060801,24.70787,-0.952679,-0.158207
'06D3et',0.576612,23.456685,-1.366428,-0.075657
'06D3fp',0.268489,21.711856,-0.071623,0.048305
'06D3gh',0.72068,23.914145,0.235317,-0.070767
'06D3gn',0.250498,21.864224,-0.526912,0.115106
'06D3gx',0.760691,23.906693,0.551439,-0.12921
'06D4ba',0.698167,23.730103,0.678618,-0.097992
'06D4bo',0.550315,23.219524,0.768518,-0.042555
'06D4bw',0.730128,23.905124,0.681549,0.012517
'06D4ce',0.847985,24.196452,1.752165,-0.109364
'06D4cl',0.997826,24.529085,1.176753,-0.086682
'06D4co',0.435446,22.524456,-0.395993,-0.046795
'06D4cq',0.40947,22.557433,0.430851,-0.037409
'06D4dh',0.30159,21.442454,0.519102,-0.16192
'Aphrodite',1.299106,25.691231,0.664323,0.009896
'Eagle',1.020807,24.965297,0.305488,-0.1038
'Elvis',0.839734,24.362709,-0.08164,-0.019546
'Gabi',1.12085,25.147113,0.620453,-0.075491
'Lancaster',1.230892,26.046776,-0.077374,0.087011
'Ombo',0.97423,24.886143,1.71648,-0.004609
'Patuxent',0.970782,25.020075,-0.10271,-0.218154
'SDSS10028',0.064229,18.347945,-1.201799,0.01006
'SDSS1032',0.12903,20.336945,-2.528617,0.050506
'SDSS10434',0.10289,19.156988,-0.005434,-0.08741
'SDSS10805',0.04413,17.531728,-0.952693,0.056678
'SDSS11067',0.11304,19.114133,1.733698,-0.072351
'SDSS1112',0.25611,21.537919,-0.623265,-0.026817
'SDSS11206',0.38026,22.200281,-1.510288,-0.205532
'SDSS11300',0.14547,20.28342,-1.607355,0.075146
'SDSS1241',0.08889,19.115082,-0.547524,0.048945
'SDSS1253',0.26059,21.218177,-0.959241,-0.118798
'SDSS12779',0.07891,19.149702,-0.561485,0.096243
'SDSS12781',0.08304,19.38627,-1.832076,0.036206
'SDSS12843',0.16565,20.412042,-1.018684,0.037459
'SDSS12853',0.16817,20.17402,-0.580103,-0.061756
'SDSS12855',0.17063,20.781976,-1.918197,0.040563
'SDSS12856',0.17028,20.134725,0.860171,-0.089735
'SDSS12860',0.12044,20.209823,-0.303464,0.140894
'SDSS12869',0.27653,21.365495,0.207633,-0.041301
'SDSS12881',0.2316,21.098958,0.772132,0.03483
'SDSS12883',0.30569,21.588074,-1.955498,-0.057713
'SDSS12898',0.07997,19.019822,-0.069349,0.070049
'SDSS12927',0.17415,20.351422,0.026059,0.014706
'SDSS12928',0.13868,19.897068,-0.55804,-0.064004
'SDSS12930',0.14607,20.061964,1.887311,0.021652
'SDSS12950',0.08133,18.915623,-0.3315,-0.005329
'SDSS12971',0.2338,20.793051,1.184623,-0.091515
'SDSS12972',0.25655,21.306745,0.115968,-0.080959
'SDSS12977',0.24562,21.151867,0.070492,-0.048348
'SDSS13005',0.12593,19.89021,-0.332265,-0.012297
'SDSS13025',0.22351,21.236545,0.742038,0.028844
'SDSS13038',0.10264,19.206141,1.419043,-0.023293
'SDSS13044',0.11967,19.578968,-0.014339,-0.06787
'SDSS13045',0.18055,20.67432,-0.137419,0.052129
'SDSS13070',0.19709,20.348239,0.94902,-0.144736
'SDSS13072',0.22916,21.093432,0.392184,-0.013385
'SDSS13099',0.26451,21.53541,0.347212,-0.021876
'SDSS13135',0.10337,19.373517,-1.412953,-0.056782
'SDSS13136',0.36441,22.299562,0.65981,-0.101528
'SDSS13152',0.2056,20.662469,0.25867,0.007696
'SDSS13254',0.17981,21.151747,0.479896,0.092962
'SDSS13305',0.19959,20.849845,1.115009,0.017693
'SDSS13354',0.15653,20.298025,1.040064,0.087963
'SDSS13411',0.1618,20.328307,1.786215,0.019766
'SDSS13425',0.20953,21.86497,-0.977679,0.259538
'SDSS13506',0.24179,21.801057,-0.200116,0.138533
'SDSS13511',0.23646,21.461512,-1.553624,-0.095193
'SDSS13578',0.22668,21.06808,-0.245891,-0.040327
'SDSS13610',0.29678,21.38185,0.079305,-0.095522
'SDSS13641',0.20852,20.762042,1.026478,-0.031055
'SDSS13655',0.25104,21.936242,-1.339461,0.082437
'SDSS13689',0.25012,20.967243,1.161118,-0.147913
'SDSS1371',0.11771,19.052211,0.789563,-0.101397
'SDSS13727',0.21971,20.855502,1.253108,-0.040277
'SDSS13736',0.14901,19.972155,1.116862,-0.026876
'SDSS13757',0.28742,21.262819,1.098936,-0.166608
'SDSS13796',0.1436,19.837994,0.789492,-0.018978
'SDSS13830',0.32837,21.644732,1.180448,-0.018399
'SDSS13835',0.24625,21.07527,0.624852,-0.078392
'SDSS13894',0.11966,20.319989,0.742978,0.166043
'SDSS13934',0.32838,22.190461,-0.707675,-0.100206
'SDSS14019',0.21513,21.433042,-0.316436,-0.021846
'SDSS14024',0.14478,20.466614,-1.922932,0.03787
'SDSS14108',0.13243,20.147341,0.248082,-0.000855
'SDSS14157',0.21082,20.480731,1.125219,-0.058471
'SDSS14212',0.20399,20.912346,-0.339599,-0.032535
'SDSS14261',0.27952,21.349608,0.694248,-0.030169
'SDSS14279',0.04428,17.546294,-0.162447,0.090515
'SDSS14284',0.18037,20.228837,-0.30878,-0.068514
'SDSS14298',0.2607,21.261083,1.298349,-0.080943
'SDSS14318',0.05654,17.780075,0.864354,0.028353
'SDSS14331',0.2126,21.246133,0.141351,0.014187
'SDSS14397',0.36941,22.210028,-1.192797,-0.220851
'SDSS14421',0.17386,20.452267,-0.745633,-0.097808
'SDSS14437',0.14265,19.708683,0.594179,-0.09483
'SDSS14451',0.17789,20.15261,0.289199,-0.106929
'SDSS14481',0.25351,21.384596,-1.039765,-0.171954
'SDSS14735',0.30001,21.706687,-0.087397,0.032811
'SDSS14816',0.10589,19.370566,-0.67268,0.021313
'SDSS14846',0.22328,20.941812,0.633837,-0.044898
'SDSS14871',0.11845,19.436663,1.29099,-0.046502
'SDSS14979',0.17653,20.178782,0.224801,-0.117703
'SDSS14984',0.1828,20.867304,1.015744,0.072977
'SDSS15057',0.29762,21.845816,-2.48499,-0.058957
'SDSS15129',0.19699,20.684448,-0.774077,-0.070545
'SDSS15132',0.15295,19.761456,1.067798,-0.133296
'SDSS15161',0.2485,21.203185,-0.284969,-0.053995
'SDSS15171',0.13818,19.659001,0.680037,-0.078535
'SDSS15201',0.20704,21.801005,-1.245704,0.094327
'SDSS15203',0.21468,20.730053,1.114217,-0.024767
'SDSS15213',0.30632,21.733825,-0.084184,-0.086541
'SDSS15219',0.24695,21.056951,-0.146222,-0.154043
'SDSS15222',0.19801,20.948974,-1.339491,0.011075
'SDSS15229',0.22256,21.024295,0.685016,-0.032572
'SDSS15234',0.13508,20.461573,0.90023,0.12776
'SDSS15259',0.21054,20.791873,0.419532,-0.014647
'SDSS15287',0.27258,21.161073,1.423274,-0.072993
'SDSS15301',0.2466,20.665733,-0.338697,-0.138562
'SDSS15354',0.22068,21.520886,-2.264612,0.085193
'SDSS15356',0.27447,21.436954,-0.707454,-0.049484
'SDSS15365',0.17656,20.504592,0.829711,-0.03691
'SDSS15383',0.31088,21.860479,0.212271,-0.033941
'SDSS15421',0.18435,20.641715,0.174788,-0.043682
'SDSS15425',0.15935,19.907795,0.971182,-0.00611
'SDSS15433',0.21976,20.943822,-0.088272,-0.067736
'SDSS15440',0.25205,21.586693,-0.623735,0.065746
'SDSS15443',0.18122,20.192003,1.560538,-0.041282
'SDSS15453',0.17373,20.54928,1.150037,-0.024265
'SDSS15456',0.38047,21.980928,-1.212778,-0.090551
'SDSS15461',0.17865,20.359333,-0.162051,-0.100206
'SDSS15466',0.24568,21.326555,-1.061965,0.027935
'SDSS15467',0.2091,20.592027,0.80126,-0.067945
'SDSS15504',0.24947,21.852696,2.33717,0.205582
'SDSS15508',0.13392,19.607858,0.882983,-0.059231
'SDSS15583',0.17706,20.736464,-0.296321,0.025339
'SDSS15584',0.28111,21.439311,0.314981,-0.044998
'SDSS15648',0.17383,21.032398,-1.45375,0.113585
'SDSS15674',0.19654,21.017687,-0.343601,0.004228
'SDSS15704',0.36397,22.059517,-0.04859,-0.17136
'SDSS15756',0.37835,22.421908,-0.960604,-0.250149
'SDSS15776',0.31646,21.846724,-2.281762,-0.146321
'SDSS1580',0.18322,20.272733,0.879572,-0.038487
'SDSS15868',0.24102,21.005963,0.328735,-0.140847
'SDSS15872',0.20203,20.556408,0.781434,-0.064131
'SDSS15897',0.16869,20.889914,-2.457456,0.015791
'SDSS15901',0.19794,20.774797,0.0302,-0.040623
'SDSS16021',0.12276,19.61767,-0.34698,-0.038204
'SDSS16032',0.20318,20.758955,-0.819482,-0.10857
'SDSS16069',0.12739,20.104432,0.878535,0.15663
'SDSS16072',0.27549,21.533317,0.275684,-0.016258
'SDSS16073',0.14468,20.257201,0.723179,-0.006892
'SDSS16093',0.33436,21.862025,1.029207,-0.063637
'SDSS16099',0.1958,20.704275,2.030525,0.023292
'SDSS16100',0.19392,21.065011,-0.393434,0.05151
'SDSS16106',0.24973,21.02095,-0.628986,-0.150136
'SDSS16116',0.1486,19.970319,0.508881,-0.097611
'SDSS16165',0.15596,20.146078,0.344199,-0.032
'SDSS16185',0.09582,19.773444,-2.309599,0.069933
'SDSS16206',0.15065,20.403921,-2.56543,-0.008622
'SDSS16211',0.30933,22.130926,-1.964016,0.004445
'SDSS16213',0.24857,21.127943,0.279927,-0.096848
'SDSS16232',0.36554,22.13649,-0.145799,-0.111398
'SDSS16276',0.19176,20.740998,-0.018646,-0.026411
'SDSS16281',0.18255,20.47384,-0.873266,-0.07317
'SDSS16350',0.23472,21.130073,-1.345527,-0.090072
'SDSS16352',0.24647,20.845774,0.273411,-0.141815
'SDSS16402',0.28845,20.859757,-0.872064,-0.186671
'SDSS16473',0.2096,20.739132,-1.073325,-0.148416
'SDSS16618',0.19198,20.466522,-0.792727,-0.09709
'SDSS16619',0.11402,19.173326,-0.191925,-0.08585
'SDSS16641',0.11389,19.719269,1.053347,0.039734
'SDSS16737',0.1988,20.519882,-0.44361,-0.075727
'SDSS16793',0.22058,20.764062,0.524838,-0.051257
'SDSS17168',0.18257,20.59859,0.503374,-0.039676
'SDSS17171',0.15895,19.93795,-0.384727,-0.141622
'SDSS17186',0.07849,19.240437,0.642723,0.111359
'SDSS17208',0.13864,19.983006,0.836869,-0.068099
'SDSS17215',0.18079,20.579248,0.282892,0.015433
'SDSS17218',0.17757,20.428083,-0.760469,-0.084884
'SDSS17220',0.17066,20.55707,1.820322,0.150278
'SDSS17223',0.23381,20.863174,1.013494,-0.070271
'SDSS17240',0.07153,18.172291,-1.466919,-0.121433
'SDSS17253',0.15463,19.970376,-0.196987,-0.122244
'SDSS17258',0.0901,18.818896,0.316969,0.027279
'SDSS17274',0.17658,20.397033,1.957731,-0.136685
'SDSS17280',0.13045,19.653248,-0.839375,-0.198044
'SDSS17332',0.18204,20.680621,-0.237165,0.036489
'SDSS17340',0.25617,21.318433,-0.075475,-0.006613
'SDSS17366',0.13811,19.554935,0.567102,-0.095614
'SDSS17389',0.1707,20.780026,1.13039,0.058277
'SDSS17435',0.21674,20.709521,0.90173,-0.108869
'SDSS17464',0.24555,21.091966,0.08144,0.052687
'SDSS17497',0.14382,20.04551,0.911414,0.037728
'SDSS17552',0.24862,21.302566,1.242872,0.000278
'SDSS17605',0.14533,20.060753,0.715631,0.014894
'SDSS17629',0.13588,20.059419,-0.347675,0.060305
'SDSS17745',0.05874,17.862299,1.071379,-0.050084
'SDSS17784',0.03652,17.320514,-0.728272,0.060325
'SDSS17791',0.27749,21.739047,0.247627,-0.186998
'SDSS17801',0.20515,21.18231,-0.677573,-0.017143
'SDSS17809',0.28051,21.478247,1.5228,0.030003
'SDSS17811',0.19867,20.49004,1.031546,-0.097533
'SDSS17825',0.15999,20.410888,-0.149097,0.006164
'SDSS17875',0.21075,21.022641,1.120316,-0.030671
'SDSS17880',0.07195,18.984126,-0.923587,0.181137
'SDSS17884',0.23782,20.859375,0.664166,-0.124117
'SDSS1794',0.14139,20.083504,1.153668,0.030808
'SDSS18030',0.15506,20.385861,-0.605778,-0.052008
'SDSS18091',0.37013,21.893176,-0.647918,-0.195436
'SDSS18241',0.09391,19.176568,-1.123374,-0.085483
'SDSS18298',0.11863,20.541778,-2.724252,0.255113
'SDSS18323',0.15363,20.240999,0.15976,-0.043411
'SDSS18325',0.25356,21.278008,0.392895,-0.055306
'SDSS18375',0.10725,19.337775,0.163568,0.066199
'SDSS18415',0.12961,19.866162,-1.62361,-0.086675
'SDSS18463',0.26665,21.322503,0.941316,-0.043687
'SDSS18466',0.21226,21.093299,-0.17616,0.03142
'SDSS18485',0.27822,21.278193,1.31567,-0.088149
'SDSS18486',0.2454,20.753569,1.112899,-0.108783
'SDSS18602',0.13362,20.091364,0.915935,0.062187
'SDSS18612',0.11368,19.674591,-0.734703,0.060165
'SDSS18617',0.32038,22.0083,-0.256202,-0.021879
'SDSS18650',0.11271,19.405852,0.885448,-0.043361
'SDSS18697',0.10602,19.224685,0.749838,-0.002746
'SDSS18721',0.39135,22.096499,0.144953,-0.134777
'SDSS18740',0.15575,20.174029,-0.034977,0.024848
'SDSS18749',0.18667,21.077159,-1.441241,0.065591
'SDSS18768',0.19671,20.998833,-0.446422,-0.030251
'SDSS18787',0.19191,21.201846,0.145971,0.035637
'SDSS18804',0.19084,20.425403,0.947789,-0.045704
'SDSS18807',0.17625,20.591414,0.470167,-0.012245
'SDSS18809',0.12837,19.747603,-1.172856,-0.07694
'SDSS18835',0.12262,19.509318,0.757721,-0.013286
'SDSS18855',0.12715,19.700776,0.247941,-0.027883
'SDSS18927',0.21323,21.240608,-0.590113,0.113055
'SDSS18940',0.21861,20.966724,-0.943963,-0.048746
'SDSS18945',0.26856,21.597167,0.138984,-0.048331
'SDSS18965',0.20466,20.719102,-0.639717,-0.111895
'SDSS19002',0.2671,21.206503,0.323447,-0.097382
'SDSS19008',0.21757,21.084988,1.079449,0.085294
'SDSS19023',0.24185,20.841931,1.302288,-0.11898
'SDSS19027',0.2935,21.355269,0.469262,-0.006881
'SDSS19067',0.35346,21.770897,0.55207,-0.065751
'SDSS19101',0.18563,20.773682,-0.170077,0.045482
'SDSS19128',0.28543,21.594277,1.352452,-0.064859
'SDSS19149',0.19494,20.367563,1.179644,0.010582
'SDSS19155',0.07592,18.228158,1.204471,-0.103885
'SDSS19174',0.16357,20.518238,-0.75325,0.056574
'SDSS19207',0.25721,21.465617,0.432319,0.007859
'SDSS19230',0.21955,21.280787,-1.62107,0.079536
'SDSS19282',0.17558,20.292843,1.224646,-0.038586
'SDSS19341',0.22667,21.43872,-1.54953,0.033312
'SDSS19353',0.15322,20.209017,0.894088,0.036376
'SDSS19425',0.21025,21.64322,-1.60431,0.13062
'SDSS19543',0.12164,19.946008,-0.835084,-0.021891
'SDSS19596',0.29135,21.541949,0.639978,-0.04433
'SDSS19604',0.29448,22.400726,1.173093,0.172962
'SDSS19616',0.16455,20.24377,0.15196,-0.023369
'SDSS19632',0.30702,21.831913,0.153977,-0.044536
'SDSS19658',0.19863,20.711318,-0.007405,-0.084476
'SDSS19702',0.26821,21.593672,-1.095858,-0.07291
'SDSS19757',0.40128,21.991848,0.174516,-0.10457
'SDSS19775',0.13668,20.268803,-0.228704,0.093699
'SDSS19794',0.29542,22.241585,-2.427288,0.045528
'SDSS19818',0.29192,21.507747,1.181291,-0.005108
'SDSS19899',0.09007,18.477718,0.284478,-0.146258
'SDSS19913',0.20557,20.820147,0.082692,-0.059073
'SDSS19940',0.14582,19.800673,1.044495,-0.004648
'SDSS19953',0.11767,19.195923,0.743346,-0.126086
'SDSS19968',0.05499,18.010876,-1.889117,-0.035121
'SDSS19969',0.1742,20.50996,0.046786,0.016788
'SDSS19990',0.24495,21.379199,-1.313715,-0.086373
'SDSS19992',0.22452,21.145906,0.273495,-0.080933
'SDSS20039',0.24558,21.379054,0.725208,0.060682
'SDSS20040',0.28351,21.246461,0.704019,-0.110345
'SDSS20048',0.18056,20.90687,-0.682083,0.021693
'SDSS20064',0.10391,19.26048,0.849269,0.055639
'SDSS20088',0.24352,20.934675,-0.24094,-0.162186
'SDSS20106',0.33136,22.047888,-0.983242,-0.113775
'SDSS20111',0.24348,21.41238,-0.029582,0.009035
'SDSS20142',0.31468,21.289082,0.849074,-0.091687
'SDSS20144',0.21865,20.772595,0.204476,-0.096868
'SDSS2017',0.26014,21.301262,1.392157,-0.105855
'SDSS20227',0.28243,21.510915,-1.29134,-0.149793
'SDSS20245',0.30041,21.668758,-0.602476,0.045499
'SDSS2031',0.15186,19.681123,0.506889,-0.129527
'SDSS20345',0.26357,21.267444,-1.685348,-0.11052
'SDSS20364',0.21382,21.110632,0.56921,0.034751
'SDSS20430',0.16284,20.750876,-1.19248,0.023929
'SDSS20470',0.1244,19.953688,0.657385,0.044204
'SDSS20575',0.19465,20.622004,0.160993,0.034235
'SDSS20581',0.20554,20.612992,-0.457773,-0.122373
'SDSS20625',0.10667,19.481026,-0.106927,-0.00435
'SDSS20687',0.18772,21.111734,-0.570147,0.148525
'SDSS20764',0.16387,20.274432,-1.407804,-0.105729
'SDSS21006',0.29021,21.340912,-0.094057,-0.124339
'SDSS2102',0.09401,18.639465,1.271886,-0.11082
'SDSS21033',0.22786,21.000868,-0.793564,-0.08766
'SDSS21034',0.10751,19.591919,0.01421,0.032201
'SDSS21042',0.31065,21.379309,1.245043,-0.095517
'SDSS21062',0.14564,20.358304,0.819513,0.013295
'SDSS21502',0.08784,18.825522,-0.319465,-0.051292
'SDSS21510',0.14839,19.741298,-0.84545,-0.155197
'SDSS2165',0.28662,21.604938,0.477722,-0.121457
'SDSS21669',0.12281,19.555089,-1.341157,-0.079528
'SDSS21861',0.18655,20.476939,0.132373,-0.025413
'SDSS22075',0.12893,19.928783,-1.682693,-0.031848
'SDSS2246',0.19422,20.982429,0.35042,0.071594
'SDSS2308',0.148,19.597186,0.675888,-0.181409
'SDSS2330',0.21179,21.774529,-1.880375,0.04511
'SDSS2372',0.17962,20.567619,0.279554,0.030383
'SDSS2422',0.26349,21.149878,0.989702,-0.171197
'SDSS2440',0.19215,20.644093,0.395729,-0.086867
'SDSS2533',0.3388,21.773378,1.761054,-0.07667
'SDSS2561',0.11741,19.784621,-0.082681,0.039633
'SDSS2635',0.1431,19.815354,0.863284,-0.049019
'SDSS2689',0.16035,20.253587,1.391688,0.08052
'SDSS2789',0.28872,21.563138,-0.761709,-0.110724
'SDSS2916',0.12303,19.970954,-0.872609,0.056872
'SDSS2943',0.26405,21.371914,0.531823,-0.02857
'SDSS2992',0.12608,20.042918,-0.969154,0.10647
'SDSS3080',0.17374,20.242601,0.120044,-0.049739
'SDSS3087',0.1644,20.259822,0.522789,0.00595
'SDSS3199',0.24961,21.547293,1.618942,0.005047
'SDSS3377',0.24448,20.797565,1.038449,-0.080192
'SDSS3451',0.24851,20.952989,0.650834,-0.054933
'SDSS3452',0.22893,20.806588,0.906222,-0.090738
'SDSS3592',0.08528,18.765187,-0.145167,-0.043103
'SDSS3901',0.062818,18.039954,1.183262,0.041002
'SDSS4000',0.27745,21.898888,-1.042665,-0.012101
'SDSS4046',0.27544,21.521059,0.79804,0.00238
'SDSS4241',0.33051,21.962505,0.244648,-0.056394
'SDSS4577',0.36193,22.096096,0.320107,-0.062616
'SDSS4679',0.33103,22.092013,0.953409,0.090984
'SDSS5103',0.1605,20.35959,-0.229365,0.016122
'SDSS5391',0.30021,21.702057,0.260674,-0.031138
'SDSS5395',0.11635,19.462745,1.193505,-0.015778
'SDSS5533',0.21829,21.161023,-0.079904,0.022297
'SDSS5550',0.15473,19.866725,1.89306,-0.048817
'SDSS5635',0.1781,20.91017,0.040834,-0.027909
'SDSS5717',0.25037,21.337855,1.417706,-0.029844
'SDSS5736',0.25174,21.405599,-0.217638,-0.008766
'SDSS5751',0.12953,20.11706,0.678679,0.146762
'SDSS5844',0.30929,21.575751,0.392813,-0.142283
'SDSS5957',0.27852,21.447891,-0.186487,-0.121945
'SDSS5994',0.18581,20.479366,0.746501,-0.061663
'SDSS6057',0.06651,18.639629,-0.420885,0.108184
'SDSS6108',0.258,21.525113,0.45467,0.03553
'SDSS6137',0.29888,21.522329,0.359245,-0.150995
'SDSS6192',0.27044,21.678524,-1.94823,-0.061742
'SDSS6196',0.27916,21.551471,-1.51965,-0.017038
'SDSS6249',0.29287,21.783514,0.575567,0.03144
'SDSS6304',0.18965,20.949871,-0.53757,0.068414
'SDSS6315',0.26576,20.925675,-0.091383,-0.194032
'SDSS6406',0.12376,19.60877,0.118662,-0.003543
'SDSS6558',0.05634,17.716443,1.053691,-0.029476
'SDSS6649',0.31288,21.594837,0.720911,-0.088234
'SDSS6699',0.30915,21.797035,-0.673205,-0.139232
'SDSS6780',0.20061,20.954698,-1.767055,-0.030617
'SDSS6924',0.3264,21.644769,0.908728,-0.07304
'SDSS6933',0.21163,20.83092,0.076743,-0.019791
'SDSS6936',0.17969,20.567027,0.027587,-0.021299
'SDSS7143',0.3024,22.0549,-0.477103,0.011421
'SDSS7147',0.10924,19.47415,-1.914343,-0.094807
'SDSS722',0.08522,18.716573,-0.471485,-0.087112
'SDSS7243',0.20231,20.782139,0.722312,-0.020602
'SDSS744',0.12649,19.808548,1.401317,0.071402
'SDSS7473',0.21457,20.88535,-0.182983,-0.098014
'SDSS7475',0.32045,21.537605,0.6771,-0.169811
'SDSS7512',0.21835,21.098936,0.501492,-0.002655
'SDSS762',0.1901,20.632628,1.125919,-0.038817
'SDSS774',0.09243,18.939486,0.664571,-0.024865
'SDSS7779',0.37986,21.922589,1.316854,-0.10254
'SDSS7847',0.21134,21.20352,0.087929,0.120136
'SDSS8046',0.25833,21.619985,0.243598,0.040716
'SDSS8213',0.18327,21.108509,-0.656771,0.160219
'SDSS8495',0.21295,20.819745,0.751948,-0.023337
'SDSS8719',0.11651,19.419454,-0.020801,-0.066413
'SDSS8921',0.14401,19.969519,0.872358,0.001493
'SDSS9032',0.25249,21.349051,0.872317,0.015949
'SDSS9457',0.25539,21.432154,-0.361202,-0.021164
'SDSS9467',0.21698,21.069215,-1.395764,-0.141924
'Torngasek',1.265901,25.735598,0.286816,0.021062
'Vilas',0.935774,24.481915,0.055963,-0.025416
'sn1990af',0.049519,17.762489,-2.269742,-0.048814
'sn1990o',0.030325,16.239518,0.47544,-0.04554
'sn1992ae',0.074579,18.465664,-0.709402,-0.022194
'sn1992ag',0.025198,16.317246,0.112905,0.125874
'sn1992al',0.014411,14.476032,-0.166851,-0.108162
'sn1992bc',0.020792,15.116795,0.735701,-0.110033
'sn1992bg',0.035218,16.754961,-0.463869,-0.046527
'sn1992bh',0.041657,17.62515,-0.0114,0.047159
'sn1992bl',0.0424,17.347518,-1.713906,-0.045202
'sn1992bo',0.018902,15.783958,-2.013646,-0.042856
'sn1992bp',0.07884,18.314101,-0.955278,-0.100756
'sn1992bs',0.063345,18.292783,-0.175634,-0.03187
'sn1992p',0.027637,16.067616,0.743997,-0.093472
'sn1993ag',0.049325,17.841201,-0.829836,0.059604
'sn1993b',0.070153,18.445046,-0.438577,0.016127
'sn1993h',0.023909,16.695978,-2.160571,0.110692
'sn1993o',0.053126,17.645061,-0.706018,-0.08094
'sn1994m',0.024951,16.311743,-1.525693,0.056784
'sn1994s',0.015664,14.780119,0.222279,-0.0647
'sn1995ac',0.048984,17.075749,0.749336,-0.038395
'sn1995ak',0.022399,16.021035,-1.090886,0.074389
'sn1996bl',0.034854,16.664677,-0.027789,-0.010328
'sn1996bv',0.016966,15.351431,0.823253,0.16456
'sn1996c',0.030721,16.647115,0.65918,0.064364
'sn1997dg',0.030482,16.849731,-0.334473,-0.030644
'sn1997do',0.01055,14.449314,0.791332,0.118415
'sn1997e',0.014256,15.128363,-1.717814,0.026015
'sn1998ab',0.027688,16.076604,-0.108805,0.039115
'sn1998dx',0.05386,17.557966,-1.597381,-0.118312
'sn1998ef',0.017672,14.836398,-1.170669,-0.081454
'sn1998v',0.01745,15.122099,-0.177036,0.000164
'sn1999aa',0.015573,14.726182,1.178646,-0.083725
'sn1999ac',0.01006,14.148421,0.202688,0.048593
'sn1999ao',0.054931,17.892389,0.257979,-0.020237
'sn1999aw',0.039083,16.773853,2.021537,-0.049334
'sn1999bp',0.078317,18.420978,0.60068,-0.054961
'sn1999cc',0.031764,16.789918,-1.609961,-0.00656
'sn1999dk',0.01444,14.843842,-0.014266,0.049854
'sn1999dq',0.013533,14.381711,0.869173,0.026883
'sn1999gp',0.026677,16.034919,1.779223,-0.005868
'sn2000ca',0.02336,15.581359,0.478183,-0.09712
'sn2000cf',0.036934,17.077342,-0.63911,-0.028384
'sn2000cn',0.023552,16.554284,-2.506817,0.087476
'sn2000dk',0.017483,15.364415,-2.112751,-0.026834
'sn2001az',0.040259,16.947362,1.203835,-0.061247
'sn2001ba',0.030381,16.215141,0.143493,-0.123778
'sn2001bf',0.015504,14.71178,0.549047,-0.032776
'sn2001bt',0.014151,15.283561,-0.865299,0.163098
'sn2001cn',0.015487,15.285545,-0.548801,0.129471
'sn2001cz',0.015554,15.047556,0.167214,0.040909
'sn2001eh',0.037075,16.620416,1.743056,-0.036585
'sn2001en',0.015482,15.08025,-0.916368,0.001671
'sn2001ep',0.013324,14.882717,-0.925188,0.047286
'sn2001fe',0.014575,14.66139,0.73797,-0.066355
'sn2001v',0.015791,14.557266,0.916702,-0.038383
'sn2002bf',0.024746,16.341106,-0.791998,0.148436
'sn2002de',0.027748,16.657319,0.541542,0.09721
'sn2002dp',0.010888,14.557203,-0.316464,0.054095
'sn2002ha',0.013652,14.685508,-1.295292,-0.092539
'sn2002hd',0.035755,16.778327,-0.961981,0.00035
'sn2002he',0.024725,16.238326,-1.73784,-0.048509
'sn2002hu',0.038086,16.644355,0.514933,-0.090391
'sn2002jy',0.021541,15.7472,0.977375,-0.035146
'sn2002kf',0.019581,15.660096,-0.973825,-0.054622
'sn2003ch',0.030416,16.684369,-1.23277,-0.04178
'sn2003fa',0.039219,16.699328,1.530311,-0.062088
'sn2003iv',0.034971,16.971121,-2.039104,-0.08858
'sn2003u',0.028561,16.482973,-2.09037,-0.032596
'sn2003w',0.020997,15.875946,0.07299,0.102214
'sn2004as',0.032538,17.000951,0.398948,0.073203
'sn2004eo',0.015469,15.064971,-1.16669,0.041704
'sn2004ey',0.015678,14.68323,0.097384,-0.133126
'sn2004gs',0.027499,17.152881,-1.806035,0.127063
'sn2004gu',0.046856,17.452691,1.333884,0.078323
'sn2004l',0.033173,17.370053,-0.986549,0.172665
'sn2004s',0.010291,14.157498,-0.117402,0.022258
'sn2005ag',0.080103,18.471039,0.213846,-0.037391
'sn2005al',0.012317,14.875843,-1.180547,-0.091481
'sn2005bg',0.024586,15.865712,0.396794,-0.032789
'sn2005bo',0.014467,15.638553,-1.16269,0.205443
'sn2005el',0.015154,14.834769,-1.282032,-0.129815
'sn2005eq',0.029086,16.284531,1.425425,-0.024106
'sn2005eu',0.034781,16.450122,0.940829,-0.086743
'sn2005hc',0.04492,17.322622,0.739791,-0.028258
'sn2005iq',0.034074,16.764211,-1.071301,-0.112559
'sn2005ir',0.07487,18.411792,0.684284,-0.013661
'sn2005kc',0.01496,15.489034,-0.697978,0.148376
'sn2005ki',0.020396,15.541531,-1.388082,-0.096978
'sn2005lz',0.040689,17.617164,-1.244258,0.069449
'sn2005ms',0.026567,16.16147,0.424016,-0.034323
'sn2005na',0.026881,15.922518,-0.449135,-0.117667
'sn2006ac',0.023471,16.158253,-0.858068,0.024221
'sn2006al',0.069122,18.394173,-1.408648,-0.119809
'sn2006an',0.065193,18.095053,0.64572,-0.044607
'sn2006ar',0.02298,16.454585,-1.043223,0.082429
'sn2006ax',0.017387,14.99845,0.15302,-0.104973
'sn2006az',0.031485,16.462073,-1.343413,-0.117484
'sn2006bh',0.011184,14.342973,-1.648794,-0.083155
'sn2006bq',0.021956,16.206993,-1.517685,0.049212
'sn2006bt',0.031484,16.911564,0.265652,0.062851
'sn2006cp',0.023321,16.024534,0.353158,0.096579
'sn2006ej',0.02039,15.743711,-1.005031,-0.031248
'sn2006et',0.022466,15.970889,0.936399,0.121702
'sn2006gr',0.033614,16.968737,0.878787,0.074036
'sn2006mo',0.036969,17.409901,-2.128216,0.007758
'sn2006mp',0.022629,15.990616,0.941186,0.003404
'sn2006n',0.0147,15.058086,-1.89704,-0.079058
'sn2006nz',0.03695,18.130272,-2.862959,0.22881
'sn2006oa',0.060959,17.836262,0.908837,-0.041039
'sn2006ob',0.059289,18.195512,-2.365543,-0.044476
'sn2006on',0.069751,18.412215,0.548467,0.07895
'sn2006qo',0.029526,16.835065,0.46684,0.1658
'sn2006s',0.033255,16.841219,0.970796,0.020955
'sn2006sr',0.024159,16.150168,-1.290353,-0.001752
'sn2006td',0.015999,15.719765,-1.32107,0.090393
'sn2007ae',0.062961,17.798492,1.849266,-0.009638
'sn2007bc',0.021706,15.90219,-1.223772,-0.014061
'sn2007bd',0.031638,16.58094,-1.380962,-0.047773
'sn2007ci',0.018599,15.89331,-2.724319,0.026802
'sn2007co',0.027064,16.504006,-0.137806,0.105288
'sn2007cq',0.025468,15.797848,-0.657941,-0.060805
'sn2007f',0.02381,15.895501,0.618766,-0.055411
'sn2007qe',0.023867,16.068268,0.760605,0.052186
'sn2008bf',0.022068,15.71854,0.430639,-0.038367
